step,train_loss,train_acc,test_loss,test_acc,elapsed_sec,lr
0,5.123837,0.012968,5.136391,0.010202,0.2,0.000020
100,4.479734,0.031463,4.791157,0.005951,0.8,0.001000
200,3.285189,0.318665,5.097214,0.035069,1.4,0.001000
300,1.422112,0.766369,4.217206,0.276939,2.0,0.001000
400,0.329666,0.986820,3.272486,0.493730,2.5,0.001000
500,0.086443,0.999575,2.933442,0.510521,3.1,0.001000
600,0.064961,0.999362,2.851435,0.510096,3.7,0.001000
700,0.024259,0.999787,2.621295,0.519447,4.2,0.001000
800,0.167844,0.984906,2.736120,0.504782,4.8,0.001000
900,0.006580,1.000000,1.989922,0.546652,5.3,0.001000
1000,0.444860,0.926658,2.578844,0.470776,5.9,0.001000
1100,0.012349,1.000000,1.384960,0.623592,6.5,0.001000
1200,0.011152,1.000000,1.320722,0.638257,7.1,0.001000
1300,0.062994,0.999787,0.731493,0.798300,7.7,0.001000
1400,0.022400,1.000000,0.410505,0.934750,8.2,0.001000
1500,0.038891,1.000000,0.356059,0.949416,8.8,0.001000
1600,0.017012,1.000000,0.069335,0.998300,9.4,0.001000
1700,0.011786,1.000000,0.039243,0.998300,9.9,0.001000
1800,0.018450,1.000000,0.036428,0.999575,10.5,0.001000
1900,0.014694,1.000000,0.028029,0.999150,11.1,0.001000
2000,0.168673,0.994473,0.234138,0.987885,11.6,0.001000
2100,0.018839,1.000000,0.027112,1.000000,12.2,0.001000
2200,0.013851,1.000000,0.019125,1.000000,12.7,0.001000
2300,0.016155,1.000000,0.020805,1.000000,13.3,0.001000
2400,0.012934,1.000000,0.016790,1.000000,13.9,0.001000
2500,0.007221,1.000000,0.009019,1.000000,14.5,0.001000
2600,0.014333,1.000000,0.017594,1.000000,15.1,0.001000
2700,0.012790,1.000000,0.015267,1.000000,15.7,0.001000
2800,0.022098,1.000000,0.027050,1.000000,16.3,0.001000
2900,0.016413,1.000000,0.019471,1.000000,16.9,0.001000
3000,2.327648,0.410502,2.520306,0.363868,17.5,0.001000
3100,0.020311,1.000000,0.024047,1.000000,18.1,0.001000
3200,0.015804,1.000000,0.018067,1.000000,18.7,0.001000
3300,0.019985,1.000000,0.023854,1.000000,19.2,0.001000
3400,0.016518,1.000000,0.018845,1.000000,19.8,0.001000
3500,0.022542,1.000000,0.027313,1.000000,20.3,0.001000
3600,0.018210,1.000000,0.021667,1.000000,20.9,0.001000
3700,0.055665,0.999787,0.066993,0.999575,21.5,0.001000
3800,0.019747,1.000000,0.022820,1.000000,22.0,0.001000
3900,0.017861,1.000000,0.019930,1.000000,22.6,0.001000
4000,0.019438,1.000000,0.022964,1.000000,23.1,0.001000
4100,0.015489,1.000000,0.017702,1.000000,23.7,0.001000
4200,0.019118,1.000000,0.023510,1.000000,24.3,0.001000
4300,0.017368,1.000000,0.020279,1.000000,24.9,0.001000
4400,0.021728,1.000000,0.026387,0.999787,25.5,0.001000
4500,0.017957,1.000000,0.020877,1.000000,26.0,0.001000
4600,2.577822,0.180060,2.645597,0.168757,26.7,0.001000
4700,0.019228,1.000000,0.022905,1.000000,27.3,0.001000
4800,0.017405,1.000000,0.019846,1.000000,27.8,0.001000
4900,0.020425,1.000000,0.024886,1.000000,28.4,0.001000
5000,0.018036,1.000000,0.020775,1.000000,29.0,0.001000
5100,0.049914,1.000000,0.061864,0.999150,29.6,0.001000
5200,0.018118,1.000000,0.021043,1.000000,30.2,0.001000
5300,0.069265,1.000000,0.083730,0.999575,30.8,0.001000
5400,0.019441,1.000000,0.022663,1.000000,31.4,0.001000
5500,0.417279,0.969388,0.466933,0.957705,32.0,0.001000
5600,0.017747,1.000000,0.020532,1.000000,32.5,0.001000
5700,0.014202,1.000000,0.016063,1.000000,33.1,0.001000
5800,0.018989,1.000000,0.022769,1.000000,33.7,0.001000
5900,0.016740,1.000000,0.019101,1.000000,34.3,0.001000
6000,0.019673,1.000000,0.023325,1.000000,34.9,0.001000
6100,0.016638,1.000000,0.019265,1.000000,35.5,0.001000
6200,0.029624,1.000000,0.036787,0.999787,36.0,0.001000
6300,0.019320,1.000000,0.022943,1.000000,36.6,0.001000
6400,0.088657,0.999362,0.108458,0.997662,37.2,0.001000
6500,0.017883,1.000000,0.021172,1.000000,37.7,0.001000
6600,0.012478,1.000000,0.014101,1.000000,38.4,0.001000
6700,0.018715,1.000000,0.022413,1.000000,38.9,0.001000
6800,0.016674,1.000000,0.019103,1.000000,39.5,0.001000
6900,0.014879,1.000000,0.017487,1.000000,40.1,0.001000
7000,0.011951,1.000000,0.013709,1.000000,40.6,0.001000
7100,0.034009,1.000000,0.042108,0.999787,41.3,0.001000
7200,0.017541,1.000000,0.020749,1.000000,41.9,0.001000
7300,0.013284,1.000000,0.014887,1.000000,42.5,0.001000
7400,0.014968,1.000000,0.017258,1.000000,43.1,0.001000
7500,0.117976,0.998937,0.137401,0.998512,43.7,0.001000
7600,0.019090,1.000000,0.022388,1.000000,44.5,0.001000
7700,0.013508,1.000000,0.015277,1.000000,45.1,0.001000
7800,0.018624,1.000000,0.022509,1.000000,45.8,0.001000
7900,0.019148,1.000000,0.022175,1.000000,46.4,0.001000
8000,0.061078,1.000000,0.074522,0.999787,47.0,0.001000
8100,0.017849,1.000000,0.020518,1.000000,47.6,0.001000
8200,0.018290,1.000000,0.021782,1.000000,48.3,0.001000
8300,0.014538,1.000000,0.016499,1.000000,49.1,0.001000
8400,0.388925,0.974915,0.439505,0.960255,50.1,0.001000
8500,0.015248,1.000000,0.017821,1.000000,50.7,0.001000
8600,0.013906,1.000000,0.015840,1.000000,51.4,0.001000
8700,0.020856,1.000000,0.024908,1.000000,52.1,0.001000
8800,0.017091,1.000000,0.019471,1.000000,53.0,0.001000
8900,0.065972,1.000000,0.081418,0.999787,53.7,0.001000
9000,0.020495,1.000000,0.023736,1.000000,54.5,0.001000
9100,0.014044,1.000000,0.015742,1.000000,55.1,0.001000
9200,0.022895,1.000000,0.027218,1.000000,55.8,0.001000
9300,0.018989,1.000000,0.021849,1.000000,56.8,0.001000
9400,0.082551,0.999575,0.099626,0.998725,57.8,0.001000
9500,0.019512,1.000000,0.022406,1.000000,58.7,0.001000
9600,0.013278,1.000000,0.014702,1.000000,59.6,0.001000
9700,0.018589,1.000000,0.021619,1.000000,60.4,0.001000
9800,0.015824,1.000000,0.018025,1.000000,61.3,0.001000
9900,0.022362,1.000000,0.027086,1.000000,62.2,0.001000
10000,0.019077,1.000000,0.022314,1.000000,63.1,0.001000
10100,0.012619,1.000000,0.014356,1.000000,64.1,0.001000
10200,0.016809,1.000000,0.019631,1.000000,64.8,0.001000
10300,0.015425,1.000000,0.017437,1.000000,65.5,0.001000
10400,0.018444,1.000000,0.021494,1.000000,66.2,0.001000
10500,0.017416,1.000000,0.019838,1.000000,66.8,0.001000
10600,0.253281,0.990859,0.293804,0.983634,67.5,0.001000
10700,0.018202,1.000000,0.021087,1.000000,68.1,0.001000
10800,0.015125,1.000000,0.017105,1.000000,68.7,0.001000
10900,0.018134,1.000000,0.021666,1.000000,69.3,0.001000
11000,0.016628,1.000000,0.019101,1.000000,69.9,0.001000
11100,4.030210,0.112883,4.084657,0.107970,70.5,0.001000
11200,0.016705,1.000000,0.019393,1.000000,71.1,0.001000
11300,0.015542,1.000000,0.017426,1.000000,71.7,0.001000
11400,0.016639,1.000000,0.019469,1.000000,72.3,0.001000
11500,0.015009,1.000000,0.017116,1.000000,72.9,0.001000
11600,0.017381,1.000000,0.020599,1.000000,73.6,0.001000
11700,0.014783,1.000000,0.017038,1.000000,74.2,0.001000
11800,0.060870,1.000000,0.077705,0.999787,74.7,0.001000
11900,0.018084,1.000000,0.021511,1.000000,75.4,0.001000
12000,0.064612,1.000000,0.079266,1.000000,75.9,0.001000
12100,0.019453,1.000000,0.022909,1.000000,76.5,0.001000
12200,0.012853,1.000000,0.014692,1.000000,77.1,0.001000
12300,0.017726,1.000000,0.021023,1.000000,77.7,0.001000
12400,0.017379,1.000000,0.019777,1.000000,78.3,0.001000
12500,0.010645,1.000000,0.011792,1.000000,78.8,0.001000
12600,0.017559,1.000000,0.020633,1.000000,79.4,0.001000
12700,0.016819,1.000000,0.019176,1.000000,80.0,0.001000
12800,0.032902,1.000000,0.040376,1.000000,80.6,0.001000
12900,0.021219,1.000000,0.024798,1.000000,81.3,0.001000
13000,0.013634,1.000000,0.015217,1.000000,81.9,0.001000
13100,0.017346,1.000000,0.020238,1.000000,82.7,0.001000
13200,0.015878,1.000000,0.017869,1.000000,83.3,0.001000
13300,0.037718,1.000000,0.046882,1.000000,83.9,0.001000
13400,0.017898,1.000000,0.020850,1.000000,84.6,0.001000
13500,1.883209,0.530187,1.949642,0.525186,85.2,0.001000
13600,0.017730,1.000000,0.020683,1.000000,85.9,0.001000
13700,0.014942,1.000000,0.016927,1.000000,86.7,0.001000
13800,0.018833,1.000000,0.022538,1.000000,87.4,0.001000
13900,0.016182,1.000000,0.018584,1.000000,88.2,0.001000
14000,0.535506,0.949830,0.604099,0.930287,89.0,0.001000
14100,0.017278,1.000000,0.020364,1.000000,89.7,0.001000
14200,0.015510,1.000000,0.017551,1.000000,90.4,0.001000
14300,0.023365,1.000000,0.028865,1.000000,91.0,0.001000
14400,0.016993,1.000000,0.019549,1.000000,91.6,0.001000
14500,0.010427,1.000000,0.011705,1.000000,92.2,0.001000
14600,0.019854,1.000000,0.023974,1.000000,92.8,0.001000
14700,0.018081,1.000000,0.020481,1.000000,93.4,0.001000
14800,0.041664,1.000000,0.049009,1.000000,94.0,0.001000
14900,0.016356,1.000000,0.018524,1.000000,94.6,0.001000
15000,0.010148,1.000000,0.011147,1.000000,95.2,0.001000
15100,0.014868,1.000000,0.017143,1.000000,95.8,0.001000
15200,0.013648,1.000000,0.014995,1.000000,96.4,0.001000
15300,0.040255,1.000000,0.048004,1.000000,97.0,0.001000
15400,0.016249,1.000000,0.018323,1.000000,97.6,0.001000
15500,0.011643,1.000000,0.012775,1.000000,98.2,0.001000
15600,0.021069,1.000000,0.024700,1.000000,98.8,0.001000
15700,0.019456,1.000000,0.021784,1.000000,99.5,0.001000
15800,3.234775,0.180910,3.330944,0.168332,100.1,0.001000
15900,0.015963,1.000000,0.018292,1.000000,100.7,0.001000
16000,0.013749,1.000000,0.015212,1.000000,101.3,0.001000
16100,0.024001,1.000000,0.028948,1.000000,101.9,0.001000
16200,0.018677,1.000000,0.021467,1.000000,102.5,0.001000
16300,0.022888,1.000000,0.025975,1.000000,103.2,0.001000
16400,0.019621,1.000000,0.023347,1.000000,103.8,0.001000
16500,0.016150,1.000000,0.018452,1.000000,104.4,0.001000
16600,0.030599,1.000000,0.038312,1.000000,105.0,0.001000
16700,0.018879,1.000000,0.021682,1.000000,105.6,0.001000
16800,0.012764,1.000000,0.014127,1.000000,106.3,0.001000
16900,0.018536,1.000000,0.021977,1.000000,106.9,0.001000
17000,0.016184,1.000000,0.018315,1.000000,107.5,0.001000
17100,0.258945,0.988946,0.299848,0.980234,108.1,0.001000
17200,0.018764,1.000000,0.021823,1.000000,108.8,0.001000
17300,0.015179,1.000000,0.017042,1.000000,109.5,0.001000
17400,0.019204,1.000000,0.022955,1.000000,110.1,0.001000
17500,0.016719,1.000000,0.018808,1.000000,110.7,0.001000
17600,0.190937,0.995111,0.221018,0.991711,111.3,0.001000
17700,0.017115,1.000000,0.019841,1.000000,111.9,0.001000
17800,0.013511,1.000000,0.015154,1.000000,112.5,0.001000
17900,0.018594,1.000000,0.022382,1.000000,113.1,0.001000
18000,0.017185,1.000000,0.019459,1.000000,113.7,0.001000
18100,0.010071,1.000000,0.011184,1.000000,114.3,0.001000
18200,0.014679,1.000000,0.017197,1.000000,114.9,0.001000
18300,0.013341,1.000000,0.015142,1.000000,115.5,0.001000
18400,0.030415,1.000000,0.036521,1.000000,116.1,0.001000
18500,0.019247,1.000000,0.022012,1.000000,116.7,0.001000
18600,0.012806,1.000000,0.014007,1.000000,117.3,0.001000
18700,0.023841,1.000000,0.028348,1.000000,117.9,0.001000
18800,0.021116,1.000000,0.024243,1.000000,118.5,0.001000
18900,0.377421,0.977041,0.416823,0.974070,119.2,0.001000
19000,0.020519,1.000000,0.023687,1.000000,119.8,0.001000
19100,0.015896,1.000000,0.017788,1.000000,120.4,0.001000
19200,0.020417,1.000000,0.024622,1.000000,121.0,0.001000
19300,0.016929,1.000000,0.019187,1.000000,121.6,0.001000
19400,0.099267,1.000000,0.118338,1.000000,122.2,0.001000
19500,0.018461,1.000000,0.021164,1.000000,122.8,0.001000
19600,0.013635,1.000000,0.015091,1.000000,123.5,0.001000
19700,0.018132,1.000000,0.021747,1.000000,124.1,0.001000
19800,0.016265,1.000000,0.018676,1.000000,124.8,0.001000
19900,0.038943,1.000000,0.047281,1.000000,125.4,0.001000
20000,0.017262,1.000000,0.020081,1.000000,126.0,0.001000
20100,0.012138,1.000000,0.013525,1.000000,126.6,0.001000
20200,0.019275,1.000000,0.023102,1.000000,127.2,0.001000
20300,0.017529,1.000000,0.020087,1.000000,127.8,0.001000
20400,0.054266,1.000000,0.066281,1.000000,128.4,0.001000
20500,0.020387,1.000000,0.023905,1.000000,129.0,0.001000
20600,0.014388,1.000000,0.016202,1.000000,129.6,0.001000
20700,0.020703,1.000000,0.025505,1.000000,130.2,0.001000
20800,0.017996,1.000000,0.020735,1.000000,130.9,0.001000
20900,2.377716,0.391582,2.553376,0.348990,131.5,0.001000
21000,0.020792,1.000000,0.024551,1.000000,132.0,0.001000
21100,0.018242,1.000000,0.020420,1.000000,132.6,0.001000
21200,0.021438,1.000000,0.025861,1.000000,133.2,0.001000
21300,0.017850,1.000000,0.020452,1.000000,133.8,0.001000
21400,3.759492,0.191752,3.866955,0.174070,134.4,0.001000
21500,0.015982,1.000000,0.018847,1.000000,135.0,0.001000
21600,0.014431,1.000000,0.016145,1.000000,135.6,0.001000
21700,0.027219,1.000000,0.033413,1.000000,136.2,0.001000
21800,0.020263,1.000000,0.023322,1.000000,136.9,0.001000
21900,0.013067,1.000000,0.014676,1.000000,137.5,0.001000
22000,0.017778,1.000000,0.020790,1.000000,138.0,0.001000
22100,0.015408,1.000000,0.017262,1.000000,138.6,0.001000
22200,0.041202,1.000000,0.050427,1.000000,139.2,0.001000
22300,0.018065,1.000000,0.020771,1.000000,139.8,0.001000
22400,0.012579,1.000000,0.014030,1.000000,140.5,0.001000
22500,0.019200,1.000000,0.022905,1.000000,141.0,0.001000
22600,0.018133,1.000000,0.020933,1.000000,141.6,0.001000
22700,0.011609,1.000000,0.012897,1.000000,142.2,0.001000
22800,0.019875,1.000000,0.023539,1.000000,142.8,0.001000
22900,0.018096,1.000000,0.020618,1.000000,143.4,0.001000
23000,0.219479,0.994898,0.257053,0.989798,144.0,0.001000
23100,0.018677,1.000000,0.021965,1.000000,144.6,0.001000
23200,0.015227,1.000000,0.017273,1.000000,145.2,0.001000
23300,0.019346,1.000000,0.023058,1.000000,145.8,0.001000
23400,0.017445,1.000000,0.020334,1.000000,146.3,0.001000
23500,4.882931,0.134779,4.939464,0.123911,147.0,0.001000
23600,0.019497,1.000000,0.023036,1.000000,147.5,0.001000
23700,0.016542,1.000000,0.018763,1.000000,148.1,0.001000
23800,0.019261,1.000000,0.023192,1.000000,148.7,0.001000
23900,0.016437,1.000000,0.018880,1.000000,149.3,0.001000
24000,0.141793,0.997662,0.172576,0.994261,149.9,0.001000
24100,0.018443,1.000000,0.021995,1.000000,150.5,0.001000
24200,0.014400,1.000000,0.016446,1.000000,151.2,0.001000
24300,0.016054,1.000000,0.019280,1.000000,151.8,0.001000
24400,0.014878,1.000000,0.017233,1.000000,152.4,0.001000
24500,0.034015,1.000000,0.042730,1.000000,153.0,0.001000
24600,0.016396,1.000000,0.018912,1.000000,153.6,0.001000
24700,0.011228,1.000000,0.012468,1.000000,154.2,0.001000
24800,0.018006,1.000000,0.021409,1.000000,154.8,0.001000
24900,0.016232,1.000000,0.018431,1.000000,155.4,0.001000
25000,0.067958,0.999575,0.084195,0.999787,156.0,0.001000
25100,0.015609,1.000000,0.018242,1.000000,156.6,0.001000
25200,0.011934,1.000000,0.013445,1.000000,157.2,0.001000
25300,0.019019,1.000000,0.023025,1.000000,157.8,0.001000
25400,0.017387,1.000000,0.020000,1.000000,158.4,0.001000
25500,0.062465,1.000000,0.078209,0.998300,159.0,0.001000
25600,0.018629,1.000000,0.022096,1.000000,159.7,0.001000
25700,0.013097,1.000000,0.014841,1.000000,160.3,0.001000
25800,0.019300,1.000000,0.022433,1.000000,160.9,0.001000
25900,0.018077,1.000000,0.020286,1.000000,161.5,0.001000
26000,0.338402,0.976403,0.384924,0.963868,162.2,0.001000
26100,0.017579,1.000000,0.020227,1.000000,162.8,0.001000
26200,0.014863,1.000000,0.016667,1.000000,163.4,0.001000
26300,0.019215,1.000000,0.023144,1.000000,164.1,0.001000
26400,0.016714,1.000000,0.019442,1.000000,164.7,0.001000
26500,0.156734,0.998087,0.187413,0.995962,165.3,0.001000
26600,0.017096,1.000000,0.020525,1.000000,165.9,0.001000
26700,0.013444,1.000000,0.015346,1.000000,166.5,0.001000
26800,0.019033,1.000000,0.023113,1.000000,167.1,0.001000
26900,0.017606,1.000000,0.020506,1.000000,167.7,0.001000
27000,0.009957,1.000000,0.011310,1.000000,168.4,0.001000
27100,0.017445,1.000000,0.020388,1.000000,169.1,0.001000
27200,0.016088,1.000000,0.018171,1.000000,169.8,0.001000
27300,0.049185,1.000000,0.060816,1.000000,170.5,0.001000
27400,0.020261,1.000000,0.023650,1.000000,171.1,0.001000
27500,0.014091,1.000000,0.015913,1.000000,171.8,0.001000
27600,0.020533,1.000000,0.025034,1.000000,172.5,0.001000
27700,0.018506,1.000000,0.021461,1.000000,173.1,0.001000
27800,0.646935,0.905400,0.729034,0.884803,173.7,0.001000
27900,0.017133,1.000000,0.020196,1.000000,174.3,0.001000
28000,0.014717,1.000000,0.016730,1.000000,175.0,0.001000
28100,0.032568,1.000000,0.038669,1.000000,175.6,0.001000
28200,0.018496,1.000000,0.021402,1.000000,176.2,0.001000
28300,0.012706,1.000000,0.014042,1.000000,176.8,0.001000
28400,0.018949,1.000000,0.022454,1.000000,177.4,0.001000
28500,0.015839,1.000000,0.018001,1.000000,178.1,0.001000
28600,0.118756,0.997449,0.134270,0.993411,178.7,0.001000
28700,0.015294,1.000000,0.018117,1.000000,179.3,0.001000
28800,0.013930,1.000000,0.015673,1.000000,180.0,0.001000
28900,0.024672,1.000000,0.029977,0.999787,180.6,0.001000
29000,0.019178,1.000000,0.022215,1.000000,181.3,0.001000
29100,2.552494,0.344813,2.621911,0.339001,181.9,0.001000
29200,0.017910,1.000000,0.020853,1.000000,182.5,0.001000
29300,0.015149,1.000000,0.017066,1.000000,183.2,0.001000
29400,0.048068,1.000000,0.058291,1.000000,183.8,0.001000
29500,0.019011,1.000000,0.022274,1.000000,184.4,0.001000
29600,0.013856,1.000000,0.015598,1.000000,185.1,0.001000
29700,0.019503,1.000000,0.023511,1.000000,185.6,0.001000
29800,0.016850,1.000000,0.019154,1.000000,186.2,0.001000
29900,0.021909,1.000000,0.026495,1.000000,186.9,0.001000
30000,0.016068,1.000000,0.018354,1.000000,187.5,0.001000
30100,0.085098,1.000000,0.104449,0.999575,188.2,0.001000
30200,0.019802,1.000000,0.023488,1.000000,188.8,0.001000
30300,0.013944,1.000000,0.015758,1.000000,189.4,0.001000
30400,0.022401,1.000000,0.027443,1.000000,190.0,0.001000
30500,0.018318,1.000000,0.021226,1.000000,190.7,0.001000
30600,0.012216,1.000000,0.013589,1.000000,191.3,0.001000
30700,0.016479,1.000000,0.019694,1.000000,191.9,0.001000
30800,0.015678,1.000000,0.018166,1.000000,192.5,0.001000
30900,0.177619,0.997449,0.215680,0.991498,193.1,0.001000
31000,0.018932,1.000000,0.022213,1.000000,193.8,0.001000
31100,0.015789,1.000000,0.017877,1.000000,194.4,0.001000
31200,0.018118,1.000000,0.021436,1.000000,195.0,0.001000
31300,0.013908,1.000000,0.015793,1.000000,195.7,0.001000
31400,0.049843,1.000000,0.061609,0.999787,196.3,0.001000
31500,0.017876,1.000000,0.020954,1.000000,196.9,0.001000
31600,0.013527,1.000000,0.015209,1.000000,197.5,0.001000
31700,0.021172,1.000000,0.025213,1.000000,198.1,0.001000
31800,0.021003,1.000000,0.024103,1.000000,198.7,0.001000
31900,0.012218,1.000000,0.013622,1.000000,199.4,0.001000
32000,0.018615,1.000000,0.022473,1.000000,200.0,0.001000
32100,0.016906,1.000000,0.019554,1.000000,200.6,0.001000
32200,0.275179,0.990434,0.317016,0.984060,201.2,0.001000
32300,0.017845,1.000000,0.020771,1.000000,201.8,0.001000
32400,0.014726,1.000000,0.016603,1.000000,202.4,0.001000
32500,0.020064,1.000000,0.023873,1.000000,203.0,0.001000
32600,0.017966,1.000000,0.020480,1.000000,203.6,0.001000
32700,0.050124,1.000000,0.060168,0.999150,204.2,0.001000
32800,0.018782,1.000000,0.021637,1.000000,204.7,0.001000
32900,0.012920,1.000000,0.014452,1.000000,205.3,0.001000
33000,0.017828,1.000000,0.021288,1.000000,206.0,0.001000
33100,0.017172,1.000000,0.019588,1.000000,206.5,0.001000
33200,0.060045,1.000000,0.070932,1.000000,207.1,0.001000
33300,0.019437,1.000000,0.022310,1.000000,207.8,0.001000
33400,0.013431,1.000000,0.015049,1.000000,208.6,0.001000
33500,0.017900,1.000000,0.021258,1.000000,209.2,0.001000
33600,0.017821,1.000000,0.020428,1.000000,209.8,0.001000
33700,0.093091,0.999575,0.114346,0.998725,210.5,0.001000
33800,0.018796,1.000000,0.022092,1.000000,211.0,0.001000
33900,0.013486,1.000000,0.015149,1.000000,211.7,0.001000
34000,0.032847,1.000000,0.039267,1.000000,212.3,0.001000
34100,0.020704,1.000000,0.023759,1.000000,212.9,0.001000
34200,0.014186,1.000000,0.015505,1.000000,213.5,0.001000
34300,0.019246,1.000000,0.022710,1.000000,214.1,0.001000
34400,0.018530,1.000000,0.020951,1.000000,214.7,0.001000
34500,0.088879,1.000000,0.112308,0.998937,215.3,0.001000
34600,0.019876,1.000000,0.023481,1.000000,215.9,0.001000
34700,0.014531,1.000000,0.016387,1.000000,216.5,0.001000
34800,0.019997,1.000000,0.023641,1.000000,217.1,0.001000
34900,0.017905,1.000000,0.020041,1.000000,217.7,0.001000
35000,0.009046,1.000000,0.009935,1.000000,218.4,0.001000
35100,0.018655,1.000000,0.022132,1.000000,218.9,0.001000
35200,0.017207,1.000000,0.019329,1.000000,219.5,0.001000
35300,0.028499,1.000000,0.034098,1.000000,220.1,0.001000
35400,0.020521,1.000000,0.023203,1.000000,220.7,0.001000
35500,0.012997,1.000000,0.014100,1.000000,221.4,0.001000
35600,0.031136,1.000000,0.038358,1.000000,222.0,0.001000
35700,0.018982,1.000000,0.021595,1.000000,222.7,0.001000
35800,0.013832,1.000000,0.015076,1.000000,223.4,0.001000
35900,0.018335,1.000000,0.021575,1.000000,224.1,0.001000
36000,0.017430,1.000000,0.019602,1.000000,224.8,0.001000
36100,0.079526,1.000000,0.094156,0.999575,225.6,0.001000
36200,0.019874,1.000000,0.022981,1.000000,226.2,0.001000
36300,0.014486,1.000000,0.016063,1.000000,226.8,0.001000
36400,0.018530,1.000000,0.022106,1.000000,227.4,0.001000
36500,0.016862,1.000000,0.019023,1.000000,228.0,0.001000
36600,0.243996,0.989371,0.279579,0.987035,228.7,0.001000
36700,0.018701,1.000000,0.021747,1.000000,229.4,0.001000
36800,0.015165,1.000000,0.016708,1.000000,230.0,0.001000
36900,0.024787,1.000000,0.030268,1.000000,230.6,0.001000
37000,0.018003,1.000000,0.020479,1.000000,231.2,0.001000
37100,0.037390,1.000000,0.044748,1.000000,231.8,0.001000
37200,0.017938,1.000000,0.020526,1.000000,232.4,0.001000
37300,0.011241,1.000000,0.012407,1.000000,233.0,0.001000
37400,0.020960,1.000000,0.024920,1.000000,233.6,0.001000
37500,0.017402,1.000000,0.019531,1.000000,234.2,0.001000
37600,0.039427,1.000000,0.048431,1.000000,234.9,0.001000
37700,0.019447,1.000000,0.022319,1.000000,235.5,0.001000
37800,0.012397,1.000000,0.013536,1.000000,236.1,0.001000
37900,0.022236,1.000000,0.027312,1.000000,236.7,0.001000
38000,0.017878,1.000000,0.020126,1.000000,237.4,0.001000
38100,0.066443,1.000000,0.083404,0.999787,238.0,0.001000
38200,0.019127,1.000000,0.022017,1.000000,238.6,0.001000
38300,0.013737,1.000000,0.015142,1.000000,239.2,0.001000
38400,0.020875,1.000000,0.025215,1.000000,239.8,0.001000
38500,0.018065,1.000000,0.020008,1.000000,240.4,0.001000
38600,0.038429,1.000000,0.045921,1.000000,241.0,0.001000
38700,0.019950,1.000000,0.022532,1.000000,241.6,0.001000
38800,0.012039,1.000000,0.013181,1.000000,242.2,0.001000
38900,0.019620,1.000000,0.023548,1.000000,242.8,0.001000
39000,0.018269,1.000000,0.020494,1.000000,243.4,0.001000
39100,0.078405,0.999787,0.095935,0.999575,244.0,0.001000
39200,0.019084,1.000000,0.021975,1.000000,244.6,0.001000
39300,0.013253,1.000000,0.014542,1.000000,245.2,0.001000
39400,0.024155,1.000000,0.030183,1.000000,245.8,0.001000
39500,0.018070,1.000000,0.020814,1.000000,246.4,0.001000
39600,0.196583,0.992772,0.240916,0.985972,247.0,0.001000
39700,0.020236,1.000000,0.023490,1.000000,247.6,0.001000
39800,0.015390,1.000000,0.017002,1.000000,248.2,0.001000
39900,0.024302,1.000000,0.029321,1.000000,248.8,0.001000
40000,0.019155,1.000000,0.021739,1.000000,249.3,0.001000
40100,0.520831,0.945153,0.593004,0.932412,250.0,0.001000
40200,0.022233,1.000000,0.026246,1.000000,250.6,0.001000
40300,0.017195,1.000000,0.019014,1.000000,251.2,0.001000
40400,0.020359,1.000000,0.024340,1.000000,251.8,0.001000
40500,0.017500,1.000000,0.019479,1.000000,252.4,0.001000
40600,0.117374,0.999150,0.140374,0.999575,253.0,0.001000
40700,0.017733,1.000000,0.020374,1.000000,253.7,0.001000
40800,0.013264,1.000000,0.014461,1.000000,254.3,0.001000
40900,0.019859,1.000000,0.023966,1.000000,254.9,0.001000
41000,0.017839,1.000000,0.019894,1.000000,255.5,0.001000
41100,0.068765,1.000000,0.083387,0.999150,256.1,0.001000
41200,0.017722,1.000000,0.020305,1.000000,256.7,0.001000
41300,0.013837,1.000000,0.015298,1.000000,257.3,0.001000
41400,0.019116,1.000000,0.022932,1.000000,257.9,0.001000
41500,0.017688,1.000000,0.019680,1.000000,258.5,0.001000
41600,0.203533,0.997236,0.251521,0.989586,259.1,0.001000
41700,0.022033,1.000000,0.025198,1.000000,259.7,0.001000
41800,0.025624,1.000000,0.028812,1.000000,260.4,0.001000
41900,0.018081,1.000000,0.020677,1.000000,261.0,0.001000
42000,0.013148,1.000000,0.014372,1.000000,261.6,0.001000
42100,0.041492,1.000000,0.051569,1.000000,262.2,0.001000
42200,0.018764,1.000000,0.021164,1.000000,262.8,0.001000
42300,0.151747,0.996599,0.168579,0.995324,263.4,0.001000
42400,0.018339,1.000000,0.021659,1.000000,264.0,0.001000
42500,0.015071,1.000000,0.016801,1.000000,264.7,0.001000
42600,0.022605,1.000000,0.027706,1.000000,265.3,0.001000
42700,0.018730,1.000000,0.021109,1.000000,265.9,0.001000
42800,0.237546,0.992347,0.281476,0.985972,266.5,0.001000
42900,0.019584,1.000000,0.022411,1.000000,267.1,0.001000
43000,0.015840,1.000000,0.017414,1.000000,267.7,0.001000
43100,0.022590,1.000000,0.026879,1.000000,268.3,0.001000
43200,0.018523,1.000000,0.020850,1.000000,268.9,0.001000
43300,0.031717,1.000000,0.038041,1.000000,269.6,0.001000
43400,0.019466,1.000000,0.022083,1.000000,270.2,0.001000
43500,0.200110,0.993622,0.231065,0.990011,270.8,0.001000
43600,0.020220,1.000000,0.022893,1.000000,271.4,0.001000
43700,0.015015,1.000000,0.016459,1.000000,272.0,0.001000
43800,0.021194,1.000000,0.025210,1.000000,272.6,0.001000
43900,0.018640,1.000000,0.020856,1.000000,273.2,0.001000
44000,0.058253,1.000000,0.071414,0.999787,273.8,0.001000
44100,0.019763,1.000000,0.022604,1.000000,274.4,0.001000
44200,0.014015,1.000000,0.015395,1.000000,275.0,0.001000
44300,0.020595,1.000000,0.024095,1.000000,275.6,0.001000
44400,0.019194,1.000000,0.021276,1.000000,276.2,0.001000
44500,0.079251,0.999150,0.096570,0.998937,276.8,0.001000
44600,0.022227,1.000000,0.025114,1.000000,277.4,0.001000
44700,0.016238,1.000000,0.017649,1.000000,278.0,0.001000
44800,0.019913,1.000000,0.023347,1.000000,278.6,0.001000
44900,0.017571,1.000000,0.019248,1.000000,279.2,0.001000
45000,0.024690,1.000000,0.028942,1.000000,279.8,0.001000
45100,0.018673,1.000000,0.020970,1.000000,280.5,0.001000
45200,4.633554,0.117772,4.629529,0.107970,281.2,0.001000
45300,0.019417,1.000000,0.022602,1.000000,281.8,0.001000
45400,0.016781,1.000000,0.018456,1.000000,282.4,0.001000
45500,0.031084,1.000000,0.037098,1.000000,283.0,0.001000
45600,0.018395,1.000000,0.020642,1.000000,283.7,0.001000
45700,0.116041,0.998937,0.138982,0.997237,284.2,0.001000
45800,0.021147,1.000000,0.024253,1.000000,284.8,0.001000
45900,0.015048,1.000000,0.016489,1.000000,285.5,0.001000
46000,0.022115,1.000000,0.026901,1.000000,286.1,0.001000
46100,0.019710,1.000000,0.022095,1.000000,286.7,0.001000
46200,0.384673,0.955570,0.418375,0.950478,287.3,0.001000
46300,0.018131,1.000000,0.020719,1.000000,287.9,0.001000
46400,0.014279,1.000000,0.015726,1.000000,288.5,0.001000
46500,0.027859,1.000000,0.034298,1.000000,289.2,0.001000
46600,0.019795,1.000000,0.022492,1.000000,289.9,0.001000
46700,0.014729,1.000000,0.016159,1.000000,290.6,0.001000
46800,0.017937,1.000000,0.021196,1.000000,291.2,0.001000
46900,0.015320,1.000000,0.017199,1.000000,291.8,0.001000
47000,0.026028,1.000000,0.032132,1.000000,292.4,0.001000
47100,0.016368,1.000000,0.018516,1.000000,293.0,0.001000
47200,1.661991,0.613095,1.799001,0.567694,293.6,0.001000
47300,0.023392,1.000000,0.027596,1.000000,294.2,0.001000
47400,0.018939,1.000000,0.020843,1.000000,294.8,0.001000
47500,0.020117,1.000000,0.024076,1.000000,295.5,0.001000
47600,0.016819,1.000000,0.018968,1.000000,296.1,0.001000
47700,0.664972,0.894770,0.748495,0.879490,296.7,0.001000
47800,0.017428,1.000000,0.020238,1.000000,297.3,0.001000
47900,0.014505,1.000000,0.016364,1.000000,297.8,0.001000
48000,0.018981,1.000000,0.022523,1.000000,298.4,0.001000
48100,0.018012,1.000000,0.019987,1.000000,299.0,0.001000
48200,2.237952,0.430485,2.386169,0.394474,299.6,0.001000
48300,0.020705,1.000000,0.023767,1.000000,300.3,0.001000
48400,0.018020,1.000000,0.019749,1.000000,300.9,0.001000
48500,0.024657,1.000000,0.029442,1.000000,301.5,0.001000
48600,0.019216,1.000000,0.021565,1.000000,302.1,0.001000
48700,0.011528,1.000000,0.012503,1.000000,302.7,0.001000
48800,0.018784,1.000000,0.021703,1.000000,303.3,0.001000
48900,0.018057,1.000000,0.020106,1.000000,303.9,0.001000
49000,0.058787,1.000000,0.071900,1.000000,304.5,0.001000
49100,0.020192,1.000000,0.022748,1.000000,305.1,0.001000
49200,0.014207,1.000000,0.015616,1.000000,305.7,0.001000
49300,0.021566,1.000000,0.024979,1.000000,306.3,0.001000
49400,0.018533,1.000000,0.020521,1.000000,306.9,0.001000
49500,0.043064,1.000000,0.052851,0.999787,307.5,0.001000
49600,0.020020,1.000000,0.022792,1.000000,308.0,0.001000
49700,0.013442,1.000000,0.014877,1.000000,308.6,0.001000
49800,0.020492,1.000000,0.024805,1.000000,309.2,0.001000
49900,0.019097,1.000000,0.021512,1.000000,309.8,0.001000
50000,0.215509,0.992985,0.253160,0.987673,310.3,0.001000
50100,0.021660,1.000000,0.025204,1.000000,310.9,0.001000
50200,0.016612,1.000000,0.018603,1.000000,311.4,0.001000
50300,0.022738,1.000000,0.027057,1.000000,312.0,0.001000
50400,0.019329,1.000000,0.021826,1.000000,312.5,0.001000
50500,0.011463,1.000000,0.012651,1.000000,313.1,0.001000
50600,0.016691,1.000000,0.019668,1.000000,313.7,0.001000
50700,0.016632,1.000000,0.018416,1.000000,314.2,0.001000
50800,0.040733,1.000000,0.050219,0.999787,314.8,0.001000
50900,0.021251,1.000000,0.024398,1.000000,315.4,0.001000
51000,0.014054,1.000000,0.015481,1.000000,316.0,0.001000
51100,0.023293,1.000000,0.028441,1.000000,316.5,0.001000
51200,0.019331,1.000000,0.021839,1.000000,317.1,0.001000
51300,0.058438,1.000000,0.070605,1.000000,317.7,0.001000
51400,0.020909,1.000000,0.023795,1.000000,318.2,0.001000
51500,0.013943,1.000000,0.015296,1.000000,318.8,0.001000
51600,0.017658,1.000000,0.020357,1.000000,319.4,0.001000
51700,0.015784,1.000000,0.017254,1.000000,320.0,0.001000
51800,0.100799,0.998512,0.122060,0.998725,320.6,0.001000
51900,0.019479,1.000000,0.022230,1.000000,321.1,0.001000
52000,0.015409,1.000000,0.016680,1.000000,321.7,0.001000
52100,0.020870,1.000000,0.023868,1.000000,322.3,0.001000
52200,0.017862,1.000000,0.019468,1.000000,322.9,0.001000
52300,0.097856,0.999787,0.120018,0.999362,323.5,0.001000
52400,0.020647,1.000000,0.023809,1.000000,324.0,0.001000
52500,0.015584,1.000000,0.017257,1.000000,324.6,0.001000
52600,0.025338,1.000000,0.030569,1.000000,325.1,0.001000
52700,0.019343,1.000000,0.021528,1.000000,325.7,0.001000
52800,0.516339,0.929422,0.567018,0.917960,326.3,0.001000
52900,0.017785,1.000000,0.020624,1.000000,326.8,0.001000
53000,0.014654,1.000000,0.016066,1.000000,327.4,0.001000
53100,0.023582,1.000000,0.029107,1.000000,328.0,0.001000
53200,0.019194,1.000000,0.021888,1.000000,328.5,0.001000
53300,0.012194,1.000000,0.013411,1.000000,329.1,0.001000
53400,0.021314,1.000000,0.025259,1.000000,329.7,0.001000
53500,0.018839,1.000000,0.020882,1.000000,330.2,0.001000
53600,0.083415,1.000000,0.100994,1.000000,330.8,0.001000
53700,0.017643,1.000000,0.020046,1.000000,331.4,0.001000
53800,0.013069,1.000000,0.014270,1.000000,331.9,0.001000
53900,0.025039,1.000000,0.029671,1.000000,332.5,0.001000
54000,0.020350,1.000000,0.022689,1.000000,333.1,0.001000
54100,0.012443,1.000000,0.013558,1.000000,333.7,0.001000
54200,0.020658,1.000000,0.024700,1.000000,334.2,0.001000
54300,0.017922,1.000000,0.020113,1.000000,334.9,0.001000
54400,0.517327,0.935799,0.567616,0.921573,335.5,0.001000
54500,0.019423,1.000000,0.022935,1.000000,336.1,0.001000
54600,0.015444,1.000000,0.017298,1.000000,336.6,0.001000
54700,0.035389,1.000000,0.042123,1.000000,337.2,0.001000
54800,0.019220,1.000000,0.021776,1.000000,337.8,0.001000
54900,0.031459,1.000000,0.034506,1.000000,338.4,0.001000
55000,0.021391,1.000000,0.024891,1.000000,339.0,0.001000
55100,0.017621,1.000000,0.019355,1.000000,339.5,0.001000
55200,0.021898,1.000000,0.026004,1.000000,340.1,0.001000
55300,0.017177,1.000000,0.019219,1.000000,340.7,0.001000
55400,0.116222,0.998299,0.137988,0.997024,341.3,0.001000
55500,0.015671,1.000000,0.017906,1.000000,341.9,0.001000
55600,0.011708,1.000000,0.012741,1.000000,342.5,0.001000
55700,0.029244,1.000000,0.036205,1.000000,343.0,0.001000
55800,0.021072,1.000000,0.023659,1.000000,343.6,0.001000
55900,0.961179,0.842687,1.024428,0.823592,344.2,0.001000
56000,0.019707,1.000000,0.022693,1.000000,344.8,0.001000
56100,0.015328,1.000000,0.016740,1.000000,345.4,0.001000
56200,0.023202,1.000000,0.027947,1.000000,346.0,0.001000
56300,0.017018,1.000000,0.019298,1.000000,346.5,0.001000
56400,0.069164,1.000000,0.084317,0.999787,347.1,0.001000
56500,0.019078,1.000000,0.021811,1.000000,347.7,0.001000
56600,0.013548,1.000000,0.014950,1.000000,348.3,0.001000
56700,0.022204,1.000000,0.027628,0.999787,349.0,0.001000
56800,0.019935,1.000000,0.022814,1.000000,349.6,0.001000
56900,0.012950,1.000000,0.014355,1.000000,350.2,0.001000
57000,0.018931,1.000000,0.022514,1.000000,350.8,0.001000
57100,0.017708,1.000000,0.019691,1.000000,351.4,0.001000
57200,0.030037,1.000000,0.036207,1.000000,352.0,0.001000
57300,0.019440,1.000000,0.022053,1.000000,352.6,0.001000
57400,0.911756,0.823554,0.991566,0.804038,353.2,0.001000
57500,0.017486,1.000000,0.020049,1.000000,353.8,0.001000
57600,0.014583,1.000000,0.015981,1.000000,354.4,0.001000
57700,0.018913,1.000000,0.022324,1.000000,355.0,0.001000
57800,0.016843,1.000000,0.018839,1.000000,355.5,0.001000
57900,0.362798,0.971301,0.394628,0.966206,356.1,0.001000
58000,0.017173,1.000000,0.019730,1.000000,356.7,0.001000
58100,0.014276,1.000000,0.015622,1.000000,357.3,0.001000
58200,0.031839,1.000000,0.039153,1.000000,357.9,0.001000
58300,0.019326,1.000000,0.022025,1.000000,358.5,0.001000
58400,0.132797,0.996811,0.156551,0.995112,359.1,0.001000
58500,0.020313,1.000000,0.023258,1.000000,359.6,0.001000
58600,0.014412,1.000000,0.015705,1.000000,360.2,0.001000
58700,0.028109,1.000000,0.034631,1.000000,360.8,0.001000
58800,0.020968,1.000000,0.023626,1.000000,361.3,0.001000
58900,3.456624,0.204719,3.558062,0.188948,361.9,0.001000
59000,0.019914,1.000000,0.023012,1.000000,362.5,0.001000
59100,0.016142,1.000000,0.017867,1.000000,363.1,0.001000
59200,0.024746,1.000000,0.029873,1.000000,363.7,0.001000
59300,0.018681,1.000000,0.021133,1.000000,364.2,0.001000
59400,0.171246,0.995961,0.201700,0.994686,364.8,0.001000
59500,0.019953,1.000000,0.022871,1.000000,365.4,0.001000
59600,0.014639,1.000000,0.016291,1.000000,366.0,0.001000
59700,0.019017,1.000000,0.022826,1.000000,366.5,0.001000
59800,0.017802,1.000000,0.019867,1.000000,367.1,0.001000
59900,0.373681,0.965349,0.429492,0.950266,367.7,0.001000
60000,0.017916,1.000000,0.020293,1.000000,368.4,0.001000
60100,0.014813,1.000000,0.016335,1.000000,369.0,0.001000
60200,0.021028,1.000000,0.025428,1.000000,369.6,0.001000
60300,0.017894,1.000000,0.020070,1.000000,370.2,0.001000
60400,0.011325,1.000000,0.012475,1.000000,370.8,0.001000
60500,0.017672,1.000000,0.020731,1.000000,371.4,0.001000
60600,0.015740,1.000000,0.017616,1.000000,372.0,0.001000
60700,0.025982,1.000000,0.031299,1.000000,372.5,0.001000
60800,0.020249,1.000000,0.022889,1.000000,373.1,0.001000
60900,0.045174,1.000000,0.054568,0.999575,373.7,0.001000
61000,0.017432,1.000000,0.019807,1.000000,374.2,0.001000
61100,0.010954,1.000000,0.012031,1.000000,374.8,0.001000
61200,0.019264,1.000000,0.022961,1.000000,375.4,0.001000
61300,0.018689,1.000000,0.021078,1.000000,376.0,0.001000
61400,0.160852,0.994685,0.186603,0.992561,376.6,0.001000
61500,0.016871,1.000000,0.019285,1.000000,377.2,0.001000
61600,0.013216,1.000000,0.014565,1.000000,377.8,0.001000
61700,0.022052,1.000000,0.026514,1.000000,378.4,0.001000
61800,0.019430,1.000000,0.021615,1.000000,379.0,0.001000
61900,0.129075,0.998724,0.158174,0.995537,379.6,0.001000
62000,0.018651,1.000000,0.021542,1.000000,380.2,0.001000
62100,0.013966,1.000000,0.015391,1.000000,380.8,0.001000
62200,0.019068,1.000000,0.022916,1.000000,381.4,0.001000
62300,0.017426,1.000000,0.019352,1.000000,382.0,0.001000
62400,0.163291,0.993835,0.186660,0.992774,382.5,0.001000
62500,0.018419,1.000000,0.021032,1.000000,383.2,0.001000
62600,0.013709,1.000000,0.015037,1.000000,383.7,0.001000
62700,0.017983,1.000000,0.021464,1.000000,384.3,0.001000
62800,0.016747,1.000000,0.018758,1.000000,384.9,0.001000
62900,0.050182,1.000000,0.060574,0.999787,385.5,0.001000
63000,0.019302,1.000000,0.021809,1.000000,386.1,0.001000
63100,0.014062,1.000000,0.015183,1.000000,386.7,0.001000
63200,0.020457,1.000000,0.024091,1.000000,387.3,0.001000
63300,0.016511,1.000000,0.018368,1.000000,387.9,0.001000
63400,0.023005,1.000000,0.027711,0.999575,388.5,0.001000
63500,0.018054,1.000000,0.020620,1.000000,389.0,0.001000
63600,1.764906,0.582908,1.869573,0.547078,389.6,0.001000
63700,0.020152,1.000000,0.023365,1.000000,390.2,0.001000
63800,0.016534,1.000000,0.018057,1.000000,390.8,0.001000
63900,0.020202,1.000000,0.023583,1.000000,391.3,0.001000
64000,0.016302,1.000000,0.017816,1.000000,391.9,0.001000
64100,0.025966,1.000000,0.030353,1.000000,392.5,0.001000
64200,0.019361,1.000000,0.021651,1.000000,393.0,0.001000
64300,4.177001,0.065051,4.252903,0.058661,393.6,0.001000
64400,0.022221,1.000000,0.025881,1.000000,394.2,0.001000
64500,0.017785,1.000000,0.019498,1.000000,394.7,0.001000
64600,0.090402,1.000000,0.108940,0.999575,395.3,0.001000
64700,0.020879,1.000000,0.024082,1.000000,395.9,0.001000
64800,0.015700,1.000000,0.017272,1.000000,396.4,0.001000
64900,0.019405,1.000000,0.022680,1.000000,397.0,0.001000
65000,0.015972,1.000000,0.017689,1.000000,397.6,0.001000
65100,0.028563,1.000000,0.034421,1.000000,398.1,0.001000
65200,0.017910,1.000000,0.020336,1.000000,398.7,0.001000
65300,0.867954,0.841837,0.959979,0.814878,399.3,0.001000
65400,0.019688,1.000000,0.023227,1.000000,399.9,0.001000
65500,0.015988,1.000000,0.017705,1.000000,400.5,0.001000
65600,0.024796,1.000000,0.030451,1.000000,401.1,0.001000
65700,0.018060,1.000000,0.020382,1.000000,401.7,0.001000
65800,0.247544,0.988946,0.278651,0.979384,402.3,0.001000
65900,0.021445,1.000000,0.025219,0.999787,402.9,0.001000
66000,0.015808,1.000000,0.017248,1.000000,403.5,0.001000
66100,0.023745,1.000000,0.027853,1.000000,404.1,0.001000
66200,0.020032,1.000000,0.022202,1.000000,404.7,0.001000
66300,0.297640,0.971726,0.325250,0.970457,405.3,0.001000
66400,0.019136,1.000000,0.022320,1.000000,406.0,0.001000
66500,0.014145,1.000000,0.015527,1.000000,406.6,0.001000
66600,0.021775,1.000000,0.025973,1.000000,407.2,0.001000
66700,0.019025,1.000000,0.021181,1.000000,407.8,0.001000
66800,0.072430,0.999787,0.089925,0.999575,408.4,0.001000
66900,0.020983,1.000000,0.023834,1.000000,409.2,0.001000
67000,0.015036,1.000000,0.016524,1.000000,409.8,0.001000
67100,0.021306,1.000000,0.025033,1.000000,410.4,0.001000
67200,0.016898,1.000000,0.018942,1.000000,411.0,0.001000
67300,0.462043,0.948767,0.509615,0.938151,411.6,0.001000
67400,0.020922,1.000000,0.024302,1.000000,412.2,0.001000
67500,0.016300,1.000000,0.018074,1.000000,412.7,0.001000
67600,0.031631,1.000000,0.038257,1.000000,413.3,0.001000
67700,0.020315,1.000000,0.023037,1.000000,413.9,0.001000
67800,0.012484,1.000000,0.013827,1.000000,414.5,0.001000
67900,0.022020,1.000000,0.026183,1.000000,415.1,0.001000
68000,0.018870,1.000000,0.020949,1.000000,415.6,0.001000
68100,0.225147,0.994898,0.256622,0.990648,416.2,0.001000
68200,0.020635,1.000000,0.024017,1.000000,416.8,0.001000
68300,0.015935,1.000000,0.017639,1.000000,417.4,0.001000
68400,0.022015,1.000000,0.026370,1.000000,418.0,0.001000
68500,0.018645,1.000000,0.020888,1.000000,418.6,0.001000
68600,0.011220,1.000000,0.012197,1.000000,419.2,0.001000
68700,0.016022,1.000000,0.019055,0.999787,419.8,0.001000
68800,0.014199,1.000000,0.015696,1.000000,420.4,0.001000
68900,0.026846,1.000000,0.031644,1.000000,421.0,0.001000
69000,0.019291,1.000000,0.021717,1.000000,421.6,0.001000
69100,0.012993,1.000000,0.014126,1.000000,422.2,0.001000
69200,0.019141,1.000000,0.022433,1.000000,422.8,0.001000
69300,0.016382,1.000000,0.018174,1.000000,423.4,0.001000
69400,0.124918,0.999575,0.144777,0.997450,424.0,0.001000
69500,0.021337,1.000000,0.024070,1.000000,424.6,0.001000
69600,0.016446,1.000000,0.017662,1.000000,425.2,0.001000
69700,0.020324,1.000000,0.023803,1.000000,425.8,0.001000
69800,0.016663,1.000000,0.018506,1.000000,426.4,0.001000
69900,0.073207,1.000000,0.085528,1.000000,427.0,0.001000
70000,0.019692,1.000000,0.022154,1.000000,427.6,0.001000
70100,0.014308,1.000000,0.015355,1.000000,428.2,0.001000
70200,0.019295,1.000000,0.022329,1.000000,428.9,0.001000
70300,0.015475,1.000000,0.017050,1.000000,429.5,0.001000
70400,0.113689,0.999575,0.131516,0.999362,430.1,0.001000
70500,0.020410,1.000000,0.023220,1.000000,430.7,0.001000
70600,0.015836,1.000000,0.017408,1.000000,431.4,0.001000
70700,0.021395,1.000000,0.025270,1.000000,431.9,0.001000
70800,0.017475,1.000000,0.019482,1.000000,432.6,0.001000
70900,0.041910,1.000000,0.050866,1.000000,433.2,0.001000
71000,0.019998,1.000000,0.023004,1.000000,433.8,0.001000
71100,0.013140,1.000000,0.014669,1.000000,434.4,0.001000
71200,0.023342,1.000000,0.027937,1.000000,435.0,0.001000
71300,0.019737,1.000000,0.021913,1.000000,435.6,0.001000
71400,0.089124,0.999787,0.109383,0.999150,436.3,0.001000
71500,0.019370,1.000000,0.022183,1.000000,436.8,0.001000
71600,0.013114,1.000000,0.014419,1.000000,437.5,0.001000
71700,0.020050,1.000000,0.023978,1.000000,438.1,0.001000
71800,0.017917,1.000000,0.020330,1.000000,438.7,0.001000
71900,0.011634,1.000000,0.012751,1.000000,439.3,0.001000
72000,0.021880,1.000000,0.026182,1.000000,439.9,0.001000
72100,0.018207,1.000000,0.020161,1.000000,440.5,0.001000
72200,0.047221,1.000000,0.056314,1.000000,441.1,0.001000
72300,0.017327,1.000000,0.019527,1.000000,441.7,0.001000
72400,0.011568,1.000000,0.012483,1.000000,442.2,0.001000
72500,0.017845,1.000000,0.020654,1.000000,442.8,0.001000
72600,0.015340,1.000000,0.016896,1.000000,443.4,0.001000
72700,0.023137,1.000000,0.027250,1.000000,444.0,0.001000
72800,0.020111,1.000000,0.022587,1.000000,444.6,0.001000
72900,0.187433,0.993835,0.222943,0.985760,445.2,0.001000
73000,0.021040,1.000000,0.024420,1.000000,445.8,0.001000
73100,0.015740,1.000000,0.017388,1.000000,446.4,0.001000
73200,0.030702,1.000000,0.036718,1.000000,447.0,0.001000
73300,0.020253,1.000000,0.022981,1.000000,447.6,0.001000
73400,0.012974,1.000000,0.014141,1.000000,448.2,0.001000
73500,0.019327,1.000000,0.022540,1.000000,448.8,0.001000
73600,0.017712,1.000000,0.019661,1.000000,449.5,0.001000
73700,0.388916,0.967474,0.448701,0.949203,450.1,0.001000
73800,0.020583,1.000000,0.024004,1.000000,450.7,0.001000
73900,0.016417,1.000000,0.018157,1.000000,451.3,0.001000
74000,0.031883,1.000000,0.039121,1.000000,451.9,0.001000
74100,0.021083,1.000000,0.024391,1.000000,452.5,0.001000
74200,0.013414,1.000000,0.014751,1.000000,453.1,0.001000
74300,0.022460,1.000000,0.026372,1.000000,453.7,0.001000
74400,0.019752,1.000000,0.022043,1.000000,454.3,0.001000
74500,0.849757,0.806760,0.868370,0.799362,455.0,0.001000
74600,0.021729,1.000000,0.024744,1.000000,455.6,0.001000
74700,0.017478,1.000000,0.019082,1.000000,456.2,0.001000
74800,0.023992,1.000000,0.028581,1.000000,456.7,0.001000
74900,0.018999,1.000000,0.021528,1.000000,457.3,0.001000
75000,3.995194,0.107355,4.185352,0.091392,457.9,0.001000
75100,0.021558,1.000000,0.025286,1.000000,458.5,0.001000
75200,0.017252,1.000000,0.019175,1.000000,459.1,0.001000
75300,0.037866,1.000000,0.045697,1.000000,459.6,0.001000
75400,0.018763,1.000000,0.021211,1.000000,460.2,0.001000
75500,0.698924,0.881803,0.783593,0.856111,460.8,0.001000
75600,0.019722,1.000000,0.023148,1.000000,461.4,0.001000
75700,0.015219,1.000000,0.016820,1.000000,462.0,0.001000
75800,0.022157,1.000000,0.026572,1.000000,462.6,0.001000
75900,0.017273,1.000000,0.019606,1.000000,463.1,0.001000
76000,0.953553,0.826531,1.057550,0.791073,463.7,0.001000
76100,0.023179,1.000000,0.026734,1.000000,464.3,0.001000
76200,0.018906,1.000000,0.020689,1.000000,464.9,0.001000
76300,0.361919,0.969813,0.400622,0.959192,465.5,0.001000
76400,0.017472,1.000000,0.019912,1.000000,466.1,0.001000
76500,0.014301,1.000000,0.015607,1.000000,466.7,0.001000
76600,0.041990,1.000000,0.050253,1.000000,467.3,0.001000
76700,0.018152,1.000000,0.020544,1.000000,467.9,0.001000
76800,0.013504,1.000000,0.014766,1.000000,468.4,0.001000
76900,0.022494,1.000000,0.026950,1.000000,469.2,0.001000
77000,0.019530,1.000000,0.021878,1.000000,469.8,0.001000
77100,0.026624,1.000000,0.032523,1.000000,470.4,0.001000
77200,0.017884,1.000000,0.020441,1.000000,471.1,0.001000
77300,0.709622,0.868410,0.775625,0.850797,471.7,0.001000
77400,0.017996,1.000000,0.020651,1.000000,472.3,0.001000
77500,0.014634,1.000000,0.016138,1.000000,472.9,0.001000
77600,0.032963,1.000000,0.039509,1.000000,473.5,0.001000
77700,0.019136,1.000000,0.021421,1.000000,474.1,0.001000
77800,1.079147,0.738308,1.235975,0.687141,474.7,0.001000
77900,0.018913,1.000000,0.021901,1.000000,475.3,0.001000
78000,0.014570,1.000000,0.016223,1.000000,475.9,0.001000
78100,0.028401,1.000000,0.034582,0.999787,476.5,0.001000
78200,0.019238,1.000000,0.021754,1.000000,477.1,0.001000
78300,0.183237,0.998087,0.210010,0.995324,477.7,0.001000
78400,0.017668,1.000000,0.020210,1.000000,478.3,0.001000
78500,0.012424,1.000000,0.013701,1.000000,478.9,0.001000
78600,0.019527,1.000000,0.023961,1.000000,479.5,0.001000
78700,0.016705,1.000000,0.019168,1.000000,480.1,0.001000
78800,0.128969,0.998087,0.161297,0.993624,480.7,0.001000
78900,0.021512,1.000000,0.024852,1.000000,481.3,0.001000
79000,0.015915,1.000000,0.017839,1.000000,481.9,0.001000
79100,0.022924,1.000000,0.027517,1.000000,482.5,0.001000
79200,0.018523,1.000000,0.020954,1.000000,483.1,0.001000
79300,0.013407,1.000000,0.014824,1.000000,483.7,0.001000
79400,0.017356,1.000000,0.020296,1.000000,484.3,0.001000
79500,0.015225,1.000000,0.016903,1.000000,484.9,0.001000
79600,0.029639,1.000000,0.035384,1.000000,485.5,0.001000
79700,0.019743,1.000000,0.022509,1.000000,486.0,0.001000
79800,0.012923,1.000000,0.014091,1.000000,486.6,0.001000
79900,0.019254,1.000000,0.022519,1.000000,487.2,0.001000
80000,0.016900,1.000000,0.019109,1.000000,487.8,0.001000
80100,0.139143,0.998937,0.165554,0.998512,488.3,0.001000
80200,0.019752,1.000000,0.022829,1.000000,488.9,0.001000
80300,0.014557,1.000000,0.015944,1.000000,489.5,0.001000
80400,0.019479,1.000000,0.022869,1.000000,490.1,0.001000
80500,0.015611,1.000000,0.017560,1.000000,490.7,0.001000
80600,0.039582,1.000000,0.047849,0.999787,491.3,0.001000
80700,0.021016,1.000000,0.023834,1.000000,491.8,0.001000
80800,0.014023,1.000000,0.015230,1.000000,492.4,0.001000
80900,0.019236,1.000000,0.023291,0.999787,493.0,0.001000
81000,0.017132,1.000000,0.019378,1.000000,493.6,0.001000
81100,0.009671,1.000000,0.010637,1.000000,494.2,0.001000
81200,0.015645,1.000000,0.018416,1.000000,494.8,0.001000
81300,0.013828,1.000000,0.015411,1.000000,495.4,0.001000
81400,0.055868,1.000000,0.066112,0.999787,496.0,0.001000
81500,0.019319,1.000000,0.022096,1.000000,496.7,0.001000
81600,0.013832,1.000000,0.015199,1.000000,497.3,0.001000
81700,0.021308,1.000000,0.025388,1.000000,497.9,0.001000
81800,0.019004,1.000000,0.021517,0.999787,498.5,0.001000
81900,1.321521,0.683886,1.426102,0.644846,499.2,0.001000
82000,0.019238,1.000000,0.022270,1.000000,499.8,0.001000
82100,0.015527,1.000000,0.017168,1.000000,500.4,0.001000
82200,0.077627,0.999575,0.094711,0.998937,501.0,0.001000
82300,0.021379,1.000000,0.024444,1.000000,501.6,0.001000
82400,0.014839,1.000000,0.016101,1.000000,502.3,0.001000
82500,0.017013,1.000000,0.019745,1.000000,502.9,0.001000
82600,0.013778,1.000000,0.015275,1.000000,503.5,0.001000
82700,0.031003,1.000000,0.038241,0.999787,504.0,0.001000
82800,0.017227,1.000000,0.019440,1.000000,504.6,0.001000
82900,0.011697,1.000000,0.012709,1.000000,505.2,0.001000
83000,0.017837,1.000000,0.020413,1.000000,505.8,0.001000
83100,0.015673,1.000000,0.017355,1.000000,506.4,0.001000
83200,0.031745,1.000000,0.038355,0.999787,507.0,0.001000
83300,0.019284,1.000000,0.021993,1.000000,507.6,0.001000
83400,0.012597,1.000000,0.013809,1.000000,508.1,0.001000
83500,0.021997,1.000000,0.026114,1.000000,508.7,0.001000
83600,0.017863,1.000000,0.019761,1.000000,509.3,0.001000
83700,0.052275,1.000000,0.062030,0.999787,509.9,0.001000
83800,0.021648,1.000000,0.024830,1.000000,510.4,0.001000
83900,0.014348,1.000000,0.015860,1.000000,511.1,0.001000
84000,0.024221,1.000000,0.028941,0.999787,511.7,0.001000
84100,0.018759,1.000000,0.021007,1.000000,512.3,0.001000
84200,0.084500,1.000000,0.102332,0.998300,512.8,0.001000
84300,0.020355,1.000000,0.023541,1.000000,513.5,0.001000
84400,0.013963,1.000000,0.015290,1.000000,514.2,0.001000
84500,0.018942,1.000000,0.022382,1.000000,514.7,0.001000
84600,0.016192,1.000000,0.017997,1.000000,515.4,0.001000
84700,0.043668,1.000000,0.052751,1.000000,516.0,0.001000
84800,0.018643,1.000000,0.021433,1.000000,516.6,0.001000
84900,0.013146,1.000000,0.014333,1.000000,517.1,0.001000
85000,0.019750,1.000000,0.023090,1.000000,517.7,0.001000
85100,0.017316,1.000000,0.019143,1.000000,518.3,0.001000
85200,0.252104,0.985119,0.295764,0.979596,518.9,0.001000
85300,0.018894,1.000000,0.021964,1.000000,519.5,0.001000
85400,0.015294,1.000000,0.016999,1.000000,520.1,0.001000
85500,0.036151,1.000000,0.044488,1.000000,520.7,0.001000
85600,0.021205,1.000000,0.024327,1.000000,521.3,0.001000
85700,0.013793,1.000000,0.015132,1.000000,521.9,0.001000
85800,0.022488,1.000000,0.026135,1.000000,522.5,0.001000
85900,0.018369,1.000000,0.020279,1.000000,523.2,0.001000
86000,0.054606,1.000000,0.067350,1.000000,523.8,0.001000
86100,0.018702,1.000000,0.021526,1.000000,524.4,0.001000
86200,0.012348,1.000000,0.013742,1.000000,525.0,0.001000
86300,0.018438,1.000000,0.021677,1.000000,525.6,0.001000
86400,0.015297,1.000000,0.017054,1.000000,526.2,0.001000
86500,0.024987,1.000000,0.029720,1.000000,526.9,0.001000
86600,0.019265,1.000000,0.021817,1.000000,527.5,0.001000
86700,0.012033,1.000000,0.013085,1.000000,528.1,0.001000
86800,0.021289,1.000000,0.024832,1.000000,528.7,0.001000
86900,0.017063,1.000000,0.018829,1.000000,529.3,0.001000
87000,0.027918,1.000000,0.032878,0.999787,529.9,0.001000
87100,0.017433,1.000000,0.019629,1.000000,530.5,0.001000
87200,1.121573,0.768920,1.238362,0.728799,531.1,0.001000
87300,0.020755,1.000000,0.024132,1.000000,531.7,0.001000
87400,0.015871,1.000000,0.017635,1.000000,532.3,0.001000
87500,0.047070,1.000000,0.058531,0.999787,532.9,0.001000
87600,0.017119,1.000000,0.019886,1.000000,533.5,0.001000
87700,0.429645,0.955145,0.471572,0.943464,534.1,0.001000
87800,0.022071,1.000000,0.025615,1.000000,534.7,0.001000
87900,0.016500,1.000000,0.018117,1.000000,535.3,0.001000
88000,0.027802,1.000000,0.033441,1.000000,535.9,0.001000
88100,0.018172,1.000000,0.020437,1.000000,536.5,0.001000
88200,0.994952,0.793367,1.047438,0.774708,537.1,0.001000
88300,0.019226,1.000000,0.022630,1.000000,537.7,0.001000
88400,0.014230,1.000000,0.015719,1.000000,538.4,0.001000
88500,0.034364,1.000000,0.042292,1.000000,538.9,0.001000
88600,0.019607,1.000000,0.022105,1.000000,539.5,0.001000
88700,0.013272,1.000000,0.014305,1.000000,540.1,0.001000
88800,0.026999,1.000000,0.032922,0.999787,540.8,0.001000
88900,0.017353,1.000000,0.019571,1.000000,541.4,0.001000
89000,0.012151,1.000000,0.013146,1.000000,542.0,0.001000
89100,0.023788,1.000000,0.028652,1.000000,542.6,0.001000
89200,0.018662,1.000000,0.021025,1.000000,543.2,0.001000
89300,0.116073,0.998299,0.144019,0.995324,543.9,0.001000
89400,0.020972,1.000000,0.024661,1.000000,544.5,0.001000
89500,0.014475,1.000000,0.016098,1.000000,545.1,0.001000
89600,0.025728,1.000000,0.031397,1.000000,545.8,0.001000
89700,0.017648,1.000000,0.019724,1.000000,546.4,0.001000
89800,2.046577,0.484269,2.196622,0.439957,547.0,0.001000
89900,0.023785,1.000000,0.027714,1.000000,547.6,0.001000
90000,0.017999,1.000000,0.019907,1.000000,548.2,0.001000
90100,0.024334,1.000000,0.028603,1.000000,548.8,0.001000
90200,0.018769,1.000000,0.021249,1.000000,549.4,0.001000
90300,0.010555,1.000000,0.011496,1.000000,550.0,0.001000
90400,0.021662,1.000000,0.025819,1.000000,550.6,0.001000
90500,0.017143,1.000000,0.019143,1.000000,551.2,0.001000
90600,0.024336,1.000000,0.028841,1.000000,551.8,0.001000
90700,0.017742,1.000000,0.020239,1.000000,552.4,0.001000
90800,0.351018,0.966199,0.393570,0.958767,553.1,0.001000
90900,0.018570,1.000000,0.021578,1.000000,553.7,0.001000
91000,0.014309,1.000000,0.015829,1.000000,554.3,0.001000
91100,0.035547,0.999787,0.043193,0.999362,554.9,0.001000
91200,0.017954,1.000000,0.020602,1.000000,555.6,0.001000
91300,0.314271,0.986182,0.345222,0.978533,556.1,0.001000
91400,0.023194,1.000000,0.027157,1.000000,556.8,0.001000
91500,0.016823,1.000000,0.018706,1.000000,557.4,0.001000
91600,0.023891,1.000000,0.028410,1.000000,558.1,0.001000
91700,0.018043,1.000000,0.020198,1.000000,558.7,0.001000
91800,0.588794,0.900510,0.668007,0.885866,559.3,0.001000
91900,0.020840,1.000000,0.024079,1.000000,560.0,0.001000
92000,0.015021,1.000000,0.016609,1.000000,560.7,0.001000
92100,0.025028,1.000000,0.029516,1.000000,561.3,0.001000
92200,0.018160,1.000000,0.020401,1.000000,561.9,0.001000
92300,3.083052,0.203444,3.178188,0.193411,562.5,0.001000
92400,0.019481,1.000000,0.023297,0.999787,563.2,0.001000
92500,0.015196,1.000000,0.017163,1.000000,563.7,0.001000
92600,0.044459,1.000000,0.053620,1.000000,564.4,0.001000
92700,0.022479,1.000000,0.025778,1.000000,565.0,0.001000
92800,0.014945,1.000000,0.016409,1.000000,565.6,0.001000
92900,0.020867,1.000000,0.024455,1.000000,566.2,0.001000
93000,0.017247,1.000000,0.019016,1.000000,566.9,0.001000
93100,0.024911,1.000000,0.029371,1.000000,567.5,0.001000
93200,0.019145,1.000000,0.021434,1.000000,568.1,0.001000
93300,0.125402,0.998512,0.149547,0.996174,568.7,0.001000
93400,0.017471,1.000000,0.020017,1.000000,569.3,0.001000
93500,0.012620,1.000000,0.013897,1.000000,569.9,0.001000
93600,0.019021,1.000000,0.022771,1.000000,570.4,0.001000
93700,0.016678,1.000000,0.018609,1.000000,571.0,0.001000
93800,0.668027,0.899022,0.764986,0.876302,571.6,0.001000
93900,0.023748,1.000000,0.028097,1.000000,572.2,0.001000
94000,0.017329,1.000000,0.019338,1.000000,572.7,0.001000
94100,0.021432,1.000000,0.025374,1.000000,573.3,0.001000
94200,0.017006,1.000000,0.019095,1.000000,573.8,0.001000
94300,0.009303,1.000000,0.010111,1.000000,574.4,0.001000
94400,0.027181,1.000000,0.031088,1.000000,575.0,0.001000
94500,0.018790,1.000000,0.020362,1.000000,575.5,0.001000
94600,0.260573,0.989371,0.300430,0.980234,576.1,0.001000
94700,0.021886,1.000000,0.024871,1.000000,576.7,0.001000
94800,0.014846,1.000000,0.016461,1.000000,577.3,0.001000
94900,0.021994,1.000000,0.026461,0.999787,577.8,0.001000
95000,0.018097,1.000000,0.020473,1.000000,578.4,0.001000
95100,4.769300,0.075680,4.794876,0.073114,579.0,0.001000
95200,0.022438,1.000000,0.025926,1.000000,579.6,0.001000
95300,0.018263,1.000000,0.020391,1.000000,580.1,0.001000
95400,0.026039,1.000000,0.030663,1.000000,580.7,0.001000
95500,0.018657,1.000000,0.020895,1.000000,581.3,0.001000
95600,3.335295,0.258291,3.369035,0.250372,581.9,0.001000
95700,0.020420,1.000000,0.024170,1.000000,582.4,0.001000
95800,0.015417,1.000000,0.016920,1.000000,583.0,0.001000
95900,0.023036,1.000000,0.027174,1.000000,583.6,0.001000
96000,0.017368,1.000000,0.019399,1.000000,584.2,0.001000
96100,0.209106,0.992134,0.236646,0.988948,584.8,0.001000
96200,0.019677,1.000000,0.022879,1.000000,585.3,0.001000
96300,0.014455,1.000000,0.015912,1.000000,585.9,0.001000
96400,0.022817,1.000000,0.026838,1.000000,586.5,0.001000
96500,0.017361,1.000000,0.019474,1.000000,587.1,0.001000
96600,0.231771,0.991071,0.266617,0.985122,587.7,0.001000
96700,0.018875,1.000000,0.021977,1.000000,588.2,0.001000
96800,0.014210,1.000000,0.015730,1.000000,588.9,0.001000
96900,0.023054,1.000000,0.027753,1.000000,589.6,0.001000
97000,0.017518,1.000000,0.019767,1.000000,590.1,0.001000
97100,0.043709,1.000000,0.052781,0.999575,590.7,0.001000
97200,0.018891,1.000000,0.021504,1.000000,591.4,0.001000
97300,0.013281,1.000000,0.014533,1.000000,592.0,0.001000
97400,0.021374,1.000000,0.026366,1.000000,592.7,0.001000
97500,0.016930,1.000000,0.018924,1.000000,593.8,0.001000
97600,0.126443,0.996173,0.148611,0.992774,594.4,0.001000
97700,0.018676,1.000000,0.021552,1.000000,595.3,0.001000
97800,0.013484,1.000000,0.014898,1.000000,596.4,0.001000
97900,0.023124,1.000000,0.027665,1.000000,597.5,0.001000
98000,0.019683,1.000000,0.021985,1.000000,598.3,0.001000
98100,0.393139,0.974277,0.442367,0.964293,599.3,0.001000
98200,0.022952,1.000000,0.026657,1.000000,600.1,0.001000
98300,0.015818,1.000000,0.017537,1.000000,600.7,0.001000
98400,0.020716,1.000000,0.024313,0.999787,601.3,0.001000
98500,0.016777,1.000000,0.018897,1.000000,602.0,0.001000
98600,0.066831,1.000000,0.081566,0.999575,602.8,0.001000
98700,0.019335,1.000000,0.021915,1.000000,603.4,0.001000
98800,0.013271,1.000000,0.014653,1.000000,604.0,0.001000
98900,0.019252,1.000000,0.022659,1.000000,604.6,0.001000
99000,0.015458,1.000000,0.017247,1.000000,605.2,0.001000
99100,0.043204,1.000000,0.052288,1.000000,605.8,0.001000
99200,0.021884,1.000000,0.024935,1.000000,606.4,0.001000
99300,0.335806,0.968112,0.384692,0.957067,607.0,0.001000
99400,0.019066,1.000000,0.022189,1.000000,607.6,0.001000
99500,0.013571,1.000000,0.015006,1.000000,608.2,0.001000
99600,0.021361,1.000000,0.025291,1.000000,608.8,0.001000
99700,0.016641,1.000000,0.018714,1.000000,609.4,0.001000
99800,0.136338,0.999150,0.167790,0.995749,610.0,0.001000
99900,0.017041,1.000000,0.019984,1.000000,610.6,0.001000
